Part No.,Default purchase price,Default supplier
90065A149,5.61,McMaster-Carr
19-10-800-05,0.0,
19-10-800-03-WHT,8.5,
19-10-800-01,1.48,"SEATO Intelligent Technology (Shanghai) Co., Ltd."
AZ80230,3.53,Jiuli Car Part Store
19-10-800-WHT,8.5,"Anhui Jagrow Auto Parts Co., Ltd."
HCC-12.8-14.5-1-N-BL,0.17,Accu
19-10-800-03-RD,8.5,
86300IB000/86302IB000,34.24,Motorial KR
19-10-800-RD,8.5,"Anhui Jagrow Auto Parts Co., Ltd."
15-01-110,9.2,"Anhui Jagrow Auto Parts Co., Ltd."
14-03-201,0.0,
18-14-110,0.0,
19-10-100,0.0,
19-10-100-PCV,0.0,
19-10-106,35.5,"Anhui Jagrow Auto Parts Co., Ltd."
19-10-107,39.5,"Anhui Jagrow Auto Parts Co., Ltd."
14-03-702-G2-HYB,1190.0,"Zage Turbosystem, Inc."
86315IBAB0,19.03,Motorial KR
IB846AP000,115.04,Motorial KR
05-01-102,0.0,
14-03-111,0.0,
18-14-705,43.68,Qingdao Zehan Machinery Manufacturing Co. Ltd.
A10A20-1502,1042.5,Adro
353102GTA0,282.5,Motorial KR
353202GTA1/1140506206K/1140506206K,3.0,Motorial KR
19-10-201-SPO,0.0,
14-03-105-MT,0.0,
353202GTA0,190.0,HighPerformance KR
K9437AP010/K9437AP020,62.232,Motorial KR
STORM-BFCTR-UMTM,0.0,
15-03-103,0.0,
50003-M45XL-4,0.0,
18-14-110-LIDHWP,100.0,
1885709085,35.0,HighPerformance KR
56120I3000TRY/96720IB170LM5,78.0,Motorial KR
K9846AP000,111.84,Motorial KR
14-03-702-HYB-HWP,0.0,
19-10-201-SBB,0.0,
14-03-903-AL,0.0,
01-01-103-17-KIT,0.0,
14-03-111-LIDHWP,0.0,
EBCBSD2201,0.0,
EBCBSD2236,0.0,
285352G350,5.5,Motorial KR
05-01-105,36.5,"Anhui Jagrow Auto Parts Co., Ltd."
08-03-700-ACC,13.5,"SEATO Intelligent Technology (Shanghai) Co., Ltd."
IB467AP000,94.232,Motorial KR
K9467AP000,95.2,Motorial KR
K9597AP000,115.04,Motorial KR
28231-2GTE0,680.0,HighPerformance KR
STORM-LS-JSN-MT,175.0,Storm Bigfoot Springs
JSN-CFMIR,232.6666666666,Motorial KR
01-01-110,0.0,
01-01-110-HWP,0.0,
09-01-110-HWP,0.0,
09-01-111-BOX,0.0,
09-01-111-BOX-HWP,0.0,
09-01-111-HWP,0.0,
09-01-707-HWP,0.0,
05-01-702,0.0,
01-01-200-HWP,0.0,
02-01-103-DIY,0.0,
A00002,,
A00003,,
A00004,,
00-00-802,0.0,
14-03-702-OTU-HWP,0.0,
27-12-200-04-FAB,0.0,
18-14-705-HWP,0.0,
00-00-216,0.0,
18-14-105,0.0,
18-14-105-HWP,0.0,
18-14-110-HWP,0.0,
18-14-102-HWP,0.0,
05-01-101,0.0,
05-01-101-HWP,0.0,
05-01-102-HWP,0.0,
09-01-201,0.0,
05-01-105-HWP,0.0,
14-01-200-POL,0.0,
14-01-200-BLU,0.0,
14-01-200-BLK,0.0,
14-01-200-HWP,0.0,
16-08-200-HWP,0.0,
16-08-702-NOC,0.0,
16-08-702-INC,0.0,
00-00-230,0.0,
00-00-231,0.0,
6233646_15116,0.0,
6233646_15183,0.0,
6233646_16326,0.0,
STORM-BFCTR-IQ5EV6,0.0,
27-12-200-08-BLK,0.0,
09-01-110-CLR,0.0,
09-01-111-CLR-01,0.0,
09-01-707-CLR,0.0,
09-01-201-CLR-NCC,0.0,
09-01-201-CLR-TGC,0.0,
SXTH-TEE-08-3XL,0.0,
SXTH-TEE-08-SM,0.0,
SXTH-TEE-08-MD,0.0,
SXTH-TEE-08-LG,0.0,
SXTH-TEE-08-XL,0.0,
SXTH-TEE-08-XXL,0.0,
15-01-100-CLR,0.0,
14-01-301-CLR,0.0,
09-01-103-NHP-CLR,0.0,
SXTH-TEE-07-3XL,0.0,
SXTH-TEE-07-SM,0.0,
SXTH-TEE-07-MD,0.0,
SXTH-TEE-07-LG,0.0,
SXTH-TEE-07-XL,0.0,
SXTH-TEE-07-XXL,0.0,
31090-3R000,0.0,
SXTH-TEE-04-0001,0.0,
SXTH-TEE-04-0002,0.0,
SXTH-TEE-04-0003,0.0,
SXTH-TEE-04-0004,0.0,
SXTH-TEE-04-0005,0.0,
SXTH-TEE-04-0006,0.0,
SXTH-TEE-03-0001,0.0,
SXTH-TEE-03-0002,0.0,
SXTH-TEE-03-0003,0.0,
SXTH-TEE-03-0004,0.0,
SXTH-TEE-03-0005,0.0,
SXTH-TEE-03-0006,0.0,
14-03-203-POL-CLR,0.0,
14-03-203-BLU-CLR,0.0,
14-03-203-CF-CLR,0.0,
14-03-105-CLR,0.0,
14-03-201-CLR,0.0,
14-03-110-CLR,0.0,
01-01-302-CLR,0.0,
09-01-302,0.0,
16-08-200,0.0,
11-01-700,0.0,
15-01-105,0.0,
15-01-105-HWP,0.0,
09-01-103-WHP,0.0,
09-01-103-NHP,0.0,
02-01-103,0.0,
02-01-103-HWP,0.0,
14-03-105,0.0,
14-03-105-HWP,0.0,
19-10-800-HWP,0.0,
00-01-301,0.0,
27-12-500,0.0,
MIA-FST-030-3,0.0,
00-00-800-DYN-01,0.0,
00-00-823-CLR,0.0,
00-00-820-SP,0.0,
15-03-400-01,0.0,
15-03-400-02,0.0,
15-03-400-03,0.0,
15-03-400-04,0.0,
15-03-100-04,0.0,
15-03-700,0.0,
15-03-100-CBN2PLA,0.0,
15-03-100-PLA-HWP,0.0,
15-03-100-LIDHWP,0.0,
15-03-100-PLA-RVP,0.0,
15-03-201-HWP,0.0,
15-03-103-HWP,0.0,
15-01-200-HWP,0.0,
15-01-100,0.0,
15-01-100-HWP,0.0,
15-01-100-BOX,0.0,
15-01-100-BOX-HWP,0.0,
15-01-110-05,0.0,
15-01-110-02,0.0,
15-03-105-HWP,0.0,
15-03-101-PLA-HWP,0.0,
15-03-102-UNC,0.0,
15-03-102-HWP,0.0,
09-01-202-HWP,0.0,
09-01-500,0.0,
09-01-701,0.0,
14-01-301-HWP,0.0,
285212B700,0.0,
05-01-200-POL,0.0,
05-01-200-BLU,0.0,
05-01-200-BLK,0.0,
05-01-200-HWP,0.0,
05-01-701,0.0,
39161-2CAD0,0.0,
27-12-200-12-SET,0.0,
27-12-201-12-SET,0.0,
19-10-100-05,0.0,
19-10-100-HWP,0.0,
19-10-202-03,0.0,
19-10-202-02,0.0,
19-10-202-04,0.0,
19-10-202-POL,0.0,
19-10-202-BTB,0.0,
19-10-202-CBN,0.0,
19-10-201-TI,0.0,
8827999_9063,0.0,
14-03-903-WCF,0.0,
14-03-903-FCF,0.0,
18-01-700,0.0,
18-14-202,0.0,
18-14-202-HWP,0.0,
08-03-100-HWP,0.0,
08-03-105,0.0,
08-03-105-HWP,0.0,
9995440_6507,0.0,
9995440_6539,0.0,
9995440_6595,0.0,
9995440_6603,0.0,
9995440_6504,0.0,
9995440_6598,0.0,
6235823_6507,0.0,
6235823_6586,0.0,
6235823_6585,0.0,
28540A,0.0,
28230B,0.0,
28247A,0.0,
1154BA,0.0,
NPERF-CAP-CFRP,0.0,
NPERF-PACK-DCTSET,0.0,
282312GTB1,0.0,
00-01-110-HWP,0.0,
27-12-200-08-POL,0.0,
1815700_11960,0.0,
00-00-801-33LA,0.0,
09-01-805-01,0.0,
09-01-805-02,0.0,
7821088_13239,16.95,
7821088_13238,16.95,
50003-M40XL-4,0.0,
14-03-101-02,0.0,
27-12-200-11,0.0,
28231-3L100-CC,0.0,
16-08-903-CF,0.0,
16-08-903-BSA,0.0,
16-08-903-BPL-AL,0.0,
16-08-903-BPL-WCF,0.0,
28231-3L110-CC,0.0,
39104-3LCD0,0.0,
96720 IB170LM5,0.0,
2508127_10581,0.0,
2508127_10582,0.0,
7149569_10581,29.9,
7149569_10582,29.9,
7149569_10580,29.9,
7149569_10584,31.9,
7149569_10583,29.9,
14-01-701,0.0,
SXTH-HD-01-SM,0.0,
SXTH-HD-01-MD,0.0,
SXTH-HD-01-LG,0.0,
SXTH-HD-01-XL,0.0,
SXTH-HD-01-XXL,0.0,
00-00-101-WH,0.0,
SXTH-BNE-01-LG,0.0,
SXTH-BNE-01-DG,0.0,
SXTH-BNE-01-BLK,0.0,
GFT-CD,0.0,
VINYL-05-01,0.0,
VINYL-05-02,0.0,
VINYL-05-03,0.0,
VINYL-05-04,0.0,
VINYL-05-05,0.0,
A00017,,
A00018,,
A00019,,
A00020,,
A00021,,
A00022,,
A00023,,
A00024,,
A00025,,
A00026,,
A00027,,
A00028,,
A00029,,
A00030,,
A00031,,
A00032,,
A00033,,
A00034,,
SXTH-LAN-01,0.0,
SXTH-HAT-01,0.0,
VINYL-04-01,0.0,
VINYL-04-02,0.0,
5732974_4867,0.0,
5732974_4868,0.0,
6570639_4871,0.0,
6570639_4889,0.0,
DSI-JSN-ALC-KIT,0.0,
14-03-203-POL,0.0,
14-03-203-BLU,0.0,
14-03-203-CF,0.0,
14-03-203-HWP,0.0,
14-03-104,0.0,
14-03-104-BOX,0.0,
14-03-104-BOX-HWP,0.0,
14-03-104-HWP,0.0,
14-03-111-HWP,0.0,
39165-2GSR0,0.0,
14-03-107-02-CF-ASB,0.0,
14-03-105-DCT,0.0,
14-03-105-DCT-HWP,0.0,
14-03-105-MT-HWP,0.0,
14-03-109-DCT-HWP,0.0,
14-03-109-MT-HWP,0.0,
14-03-103,0.0,
14-03-103-HWP,0.0,
14-03-201-HWP,0.0,
39165-2GSH0,0.0,
39165-2GSE5,0.0,
14-03-702-GK,0.0,
14-03-110-HWP,0.0,
5416K190,0.0,
5416K24,0.0,
DSI-YS01-HY-DPS-01,0.0,
DSI-YS01-HY-DPS-02,0.0,
DSI-YS01-HY-DPS-03,0.0,
DSI-YS01-HY-DPS-04,0.0,
DSI-YS01-HY-DPS-05,0.0,
DSI-YS01-HY-DPS-06,0.0,
DSI-YS01-HY-DPS-07,0.0,
DSI-YS01-HY-DPS-08,0.0,
DSI-YS01-HY-DPS-09,0.0,
DSI-YS01-HY-DPS-10,0.0,
DSI-YS01-HY-DPS-11,0.0,
DSI-YS01-HY-DPS-12,0.0,
DSI-YS01-HY-DPS-13,0.0,
DSI-YS01-HY-DPS-14,0.0,
DSI-YS01-HY-DPS-15,0.0,
DSI-YS01-HY-DPS-16,0.0,
DSI-YS01-HY-DPS-17,0.0,
DSI-YS01-HY-DPS-18,0.0,
DSI-YS01-HY-DPS-19,0.0,
DSI-YS01-HY-DPS-20,0.0,
DSI-YS01-HY-DPS-21,0.0,
DSI-YS01-HY-DPS-22,0.0,
DSI-YS01-HY-DPS-23,0.0,
DSI-YS01-HY-DPS-24,0.0,
DSI-YS01-HY-DPS-25,0.0,
DSI-YS01-HY-DPS-26,0.0,
DSI-YS01-HY-DPS-27,0.0,
DSI-YS01-HY-DPS-28,0.0,
DSI-YS01-HY-DPS-29,0.0,
DSI-YS01-HY-DPS-30,0.0,
DSI-YS01-HY-DPS-31,0.0,
DSI-YS01-HY-DPS-32,0.0,
DSI-YS01-HY-DPS-33,0.0,
DSI-YS01-HY-DPS-34,0.0,
DSI-YS01-HY-DPS-35,0.0,
DSI-YS01-HY-DPS-36,0.0,
DSI-YS01-HY-DPS-37,0.0,
DSI-YS01-HY-DPS-38,0.0,
DSI-YS01-HY-DPS-39,0.0,
DSI-YS01-HY-DPS-40,0.0,
DSI-YS01-HY-DPS-41,0.0,
DSI-YS01-HY-DPS-42,0.0,
DSI-YS01-HY-DPS-43,0.0,
DSI-YS01-HY-DPS-44,0.0,
DSI-YS01-HY-DPS-45,0.0,
12312,0.0,
EBCDP32188C,0.0,
EBCDP42343R,0.0,
A00036,,
9699209_6556,0.0,
7821088_13241,16.95,
ROUTEINS20,0.0,
ROUTEINS35,0.0,
ROUTEINS21,0.0,
16-08-903-06,0.4,
VMSHNG102-12,3.69,Verocious Motorsports
01-01-110-SIL,100.0,
09-01-110-SIL,100.0,
09-01-110-03,3.05,K Display
09-01-111-LIDHWP,100.0,
09-01-111-SIL,100.0,
09-01-930,4.98,
09-01-707-05-BLK,19.38,Qingdao Zehan Machinery Manufacturing Co. Ltd.
09-01-707-05-RD,19.38,Qingdao Zehan Machinery Manufacturing Co. Ltd.
09-01-707-06-RD,5.2,Qingdao Zehan Machinery Manufacturing Co. Ltd.
05-01-201-01,27.4,Qingdao Zehan Machinery Manufacturing Co. Ltd.
05-01-201-03,8.0,Qingdao Zehan Machinery Manufacturing Co. Ltd.
05-01-201-02,12.0,Qingdao Zehan Machinery Manufacturing Co. Ltd.
09-01-201-FAB,170.0,Mertop Race Co. Ltd
09-01-201-PCS,170.0,Mertop Race Co. Ltd
05-01-105-01,42.92,Custom Performance Engineering (CP-E)
05-01-105-01-FAB,46.272,
05-01-105-01-PDR,46.272,
14-01-301-ASB,109.04,SXTH Element Engineering
09-01-101-06-PDR,7.83,
02-01-701-01,3.27,K Display
14-03-930,4.98,
00-00-907,3.64,"Hangzhou Paishun Rubber And Plastic Co., Ltd"
00-00-905,2.92,"Hangzhou Paishun Rubber And Plastic Co., Ltd"
00-00-918,3.0,"Qinghe Julong Vehicle Fittings Co, Ltd"
00-00-906,4.79,"Qinghe Julong Vehicle Fittings Co, Ltd"
27-12-200-04,12.0,
00-00-919,2.36,"Qinghe Julong Vehicle Fittings Co, Ltd"
02-01-103-11-FAB,2.29,
18-14-930,4.98,
18-14-705-01,19.0,Qingdao Zehan Machinery Manufacturing Co. Ltd.
18-14-705-04,5.2,Qingdao Zehan Machinery Manufacturing Co. Ltd.
18-14-110-SIL,100.0,
00-00-924,7.55,"Hangzhou Paishun Rubber And Plastic Co., Ltd"
18-14-102-01,58.0,Qingdao Zehan Machinery Manufacturing Co. Ltd.
1472,15.16,Turn 14
05-01-101-SIL,100.0,
05-01-102-SIL,100.0,
05-01-105-PCS,36.5,"Anhui Jagrow Auto Parts Co., Ltd."
05-01-105-SIL,100.0,
14-01-203-ABM-FAB,208.08,
14-01-203-ABS-FAB,135.08,
06-03-200-02,15.94,Laserflex
14-03-106-03,5.44,"Hangzhou Paishun Rubber And Plastic Co., Ltd"
16-08-700-04,9.45,K Display
16-08-700-03,9.45,K Display
16-08-200-A-FAB,161.73,
16-08-200-B-FAB,161.62,
16-08-700-02,8.83,K Display
00-00-213,45.0,Three Way Group (TWG)
VMSHNG101-38,4.26,Verocious Motorsports
00-00-204,41.0,Three Way Group (TWG)
00-00-225,0.0,"Anhui Jagrow Auto Parts Co., Ltd."
00-00-226,0.0,"Anhui Jagrow Auto Parts Co., Ltd."
01-01-200-03,9.43,"Ningbo Pino Metal Products Co., Ltd"
00-00-215,85.9,"Shanghai Titanium Power Trading Co., LTD."
00-00-201,20.38,Custom Performance Engineering (CP-E)
4450K2,2.43,McMaster-Carr
14-03-106-02,6.74,"Hangzhou Paishun Rubber And Plastic Co., Ltd"
01-01-200-08,6.91,"Ningbo Pino Metal Products Co., Ltd"
45735K214,8.56,McMaster-Carr
2649K542,60.78,McMaster-Carr
A10A40-1301,746.25,Adro
A10A40-1401,708.75,Adro
A12A10-1301,735.0,Adro
A12A10-1401,591.0,Adro
A10A20-1302,667.5,Adro
ANF009586,3.99,AN Fittings Direct
DSI-00-00-401-01,50.0,Shift Solutions
DSI-00-00-401-03,50.0,Shift Solutions
DSI-00-00-401-05,50.0,Shift Solutions
DSI-00-00-401-07,50.0,Shift Solutions
DSI-00-00-401-09,50.0,Shift Solutions
DSI-00-00-401-11,50.0,Shift Solutions
DSI-00-00-401-13,50.0,Shift Solutions
DSI-00-00-401-15,50.0,Shift Solutions
DSI-00-00-401-17,50.0,Shift Solutions
DSI-00-00-401-19,50.0,Shift Solutions
DSI-00-00-401-21,50.0,Shift Solutions
DSI-00-00-401-23,50.0,Shift Solutions
DSI-00-00-401-25,50.0,Shift Solutions
DSI-00-00-401-27,50.0,Shift Solutions
DSI-00-00-401-29,50.0,Shift Solutions
95947A556,1.91,McMaster-Carr
ANF009583,3.99,AN Fittings Direct
92510A766,1.61,McMaster-Carr
ANF001476,3.19,AN Fittings Direct
18-14-705-02,7.91,Qingdao Zehan Machinery Manufacturing Co. Ltd.
18-14-705-03,4.13,Qingdao Zehan Machinery Manufacturing Co. Ltd.
AV6-ASSMLY-PKG,5.0,Qingdao Zehan Machinery Manufacturing Co. Ltd.
18-14-705-ASB,41.01,SXTH Element Engineering
09-01-707-02-RD,7.91,Qingdao Zehan Machinery Manufacturing Co. Ltd.
09-01-707-ASB-BLK,39.48,Qingdao Zehan Machinery Manufacturing Co. Ltd.
09-01-707-ASB-RD,39.48,Qingdao Zehan Machinery Manufacturing Co. Ltd.
14-03-703-01-BLK,22.35,Qingdao Zehan Machinery Manufacturing Co. Ltd.
14-03-703-01-RD,22.35,Qingdao Zehan Machinery Manufacturing Co. Ltd.
14-03-703-ASB-BLK,43.03,Qingdao Zehan Machinery Manufacturing Co. Ltd.
14-03-703-ASB-RD,43.03,Qingdao Zehan Machinery Manufacturing Co. Ltd.
14-03-703-HWP,43.03,Qingdao Zehan Machinery Manufacturing Co. Ltd.
14-01-200-04,5.1,Qingdao Zehan Machinery Manufacturing Co. Ltd.
14-01-200-03,5.1,Qingdao Zehan Machinery Manufacturing Co. Ltd.
14-01-200-FAB,100.39,
27-12-200-02,38.5,Custom Performance Engineering (CP-E)
27-12-200-03,38.5,Custom Performance Engineering (CP-E)
91235A318,7.43,McMaster-Carr
STORM-BFCTR-IQ5EV6-DMP,550.0,Storm Bigfoot Springs
STORM-BFCTR-UMTM-SPR,175.0,Storm Bigfoot Springs
09-01-704-210-01,80.0,Qingdao Zehan Machinery Manufacturing Co. Ltd.
92095A226-TI,1.4,
91355K33,17.35,McMaster-Carr
14-03-200-04-PDR,42.0,
94036A212,0.1002,McMaster-Carr
09-01-110-02-CLR,64.5,"Shanghai Langjue Mould Co.,LTD"
SXTH-TEE-06-3XL,9.0,Dongguan Metro Clothing Co.
SXTH-TEE-06-LG,9.0,Dongguan Metro Clothing Co.
SXTH-TEE-06-MD,9.0,Dongguan Metro Clothing Co.
SXTH-TEE-06-SM,9.0,Dongguan Metro Clothing Co.
SXTH-TEE-06-XL,9.0,Dongguan Metro Clothing Co.
SXTH-TEE-06-XXL,9.0,Dongguan Metro Clothing Co.
19-10-800-WHT-CLR,8.5,"Anhui Jagrow Auto Parts Co., Ltd."
19-10-800-RD-CLR,8.5,"Anhui Jagrow Auto Parts Co., Ltd."
18-14-100-03-CLR,83.3,
18-14-300-ASB-CLR,120.62,SXTH Element Engineering
SXTH-TEE-05-3XL,9.0,Dongguan Metro Clothing Co.
SXTH-TEE-05-LG,9.0,Dongguan Metro Clothing Co.
SXTH-TEE-05-MD,9.0,Dongguan Metro Clothing Co.
SXTH-TEE-05-SM,9.0,Dongguan Metro Clothing Co.
SXTH-TEE-05-XL,9.0,Dongguan Metro Clothing Co.
SXTH-TEE-05-XXL,9.0,Dongguan Metro Clothing Co.
14-03-201-FAB-CLR,282.85,Custom Performance Engineering (CP-E)
14-03-203-08-FAB-CLR,20.0,
14-03-110-01-CLR,23.976,Haizol
14-03-400-04-CLR,650.0,
P202304107150025,1229.16,HighPerformance KR
P202304110094422,141.8,HighPerformance KR
P20230247190346,597.04,HighPerformance KR
2871001-B,1.174,
27-12-200-12-D-FAB,24.5,
27-12-201-12-D-FAB,39.3,
16-08-200-03,28.95,Qingdao Zehan Machinery Manufacturing Co. Ltd.
16-08-200-04,18.47,"Ningbo Pino Metal Products Co., Ltd"
11-01-701-01,7.49,K Display
A00038,,
09-01-200-02-R2,48.8,"Shanghai Titanium Power Trading Co., LTD."
CN7N-CFMIR,232.6666666666,Motorial KR
15-03-700-01,6.84,Oshcut
15-03-100-PLA-SIL,100.0,
15-03-101-02,10.87,Oshcut
15-03-201-ASB,225.0,"HangZhou TaiMei Performance Co.,Ltd"
15-03-100-03,18.7,Hunt Tech Company Limited
15-03-103-01-FAB,150.0,"Xinxiang Zhen Hua Radiator Co., Ltd."
15-03-103-SIL,100.0,
15-01-110-08,24.65,"Shanghai Langjue Mould Co.,LTD"
15-01-110-04,4.9,"Shanghai Langjue Mould Co.,LTD"
15-01-200-POL,150.0,Mertop Race Co. Ltd
15-01-200-PCS-POL,150.0,Mertop Race Co. Ltd
15-01-200-PCS-BLU,150.0,Mertop Race Co. Ltd
15-01-200-01,73.0,Custom Performance Engineering (CP-E)
15-01-200-01-FAB,88.9962,
15-01-100-SIL,100.0,
15-01-100-02,83.05,"Shanghai Langjue Mould Co.,LTD"
15-01-700-01,3.4,Qingdao Zehan Machinery Manufacturing Co. Ltd.
15-01-100-LIDHWP,100.0,
15-01-110-PCS,9.2,"Anhui Jagrow Auto Parts Co., Ltd."
15-01-100-03,8.15,"Hangzhou Paishun Rubber And Plastic Co., Ltd"
15-01-100-01,17.28,"Hangzhou Paishun Rubber And Plastic Co., Ltd"
15-01-105-05,23.86,"Hangzhou Paishun Rubber And Plastic Co., Ltd"
15-01-105-04,7.32,"Hangzhou Paishun Rubber And Plastic Co., Ltd"
15-01-105-SIL,100.0,
15-01-110-03,17.8,"Shanghai Langjue Mould Co.,LTD"
15-03-105-SIL,100.0,
15-03-800,786.0,"Shanghai Langjue Mould Co.,LTD"
86562IB010NC5/86561IB010NC5,74.0,Albert Hwang
15-03-101-PLA-SIL,100.0,
15-03-100-04-PL,8.5,"Jinsumei Environmental Protection Plastic Products Co., Ltd"
15-03-202-PCS,299.5,"Anhui Jagrow Auto Parts Co., Ltd."
09-01-202-FAB,95.73,
09-01-202-PCS-POL,150.0,Mertop Race Co. Ltd
09-01-202-PCS-BLU,150.0,Mertop Race Co. Ltd
09-01-103-05-FAB,59.82,
09-01-103-04-R2,47.3,Custom Performance Engineering (CP-E)
09-01-103-1-3-FAB,177.87,
09-01-701-01,7.49,K Display
09-01-701-01-PDR,12.0,Qingdao Zehan Machinery Manufacturing Co. Ltd.
27-12-200-10-FAB,110.96,
14-03-500-06,0.95,Qingdao Zehan Machinery Manufacturing Co. Ltd.
05-01-200-02-FAB,56.085833,
05-01-200-02,24.22,"Leonhardt Manufacturing Co., Inc."
05-01-200-03,35.37,"Leonhardt Manufacturing Co., Inc."
05-01-200-04,35.37,"Leonhardt Manufacturing Co., Inc."
05-01-700-01,3.27,K Display
05-01-701-01,3.0,Qingdao Zehan Machinery Manufacturing Co. Ltd.
05-01-701-01-PDR,6.5,Productions Unlimited
05-01-701-ACC,18.5,"SEATO Intelligent Technology (Shanghai) Co., Ltd."
05-01-101-ASB,150.0,"Xinxiang Zhen Hua Radiator Co., Ltd."
05-01-700-01-PDR,3.27,
28231-2B790-HYB,1895.0,Turbobay Performance
28231-2B790,1.689,Columbus
02-01-550-FAB,48.74,
14-03-500-PDR,55.17,
02-01-103-SIL,100.0,
ATP-FTG-010,9.75,ATP Turbo
09-01-103-05-R1,35.3,"Ningbo Pino Metal Products Co., Ltd"
09-01-103-02-R1,26.46,Haizol
09-01-103-01,53.0,"Xinxiang Zhen Hua Radiator Co., Ltd."
09-01-103-03-R1,26.46,Haizol
09-01-103-09,9.48,Qingdao Zehan Machinery Manufacturing Co. Ltd.
27-12-200-01-FAB,110.52,
19-10-300-01,1.5,"SEATO Intelligent Technology (Shanghai) Co., Ltd."
19-10-300-02,1.43,"SEATO Intelligent Technology (Shanghai) Co., Ltd."
19-10-101,31.5,Green Filter USA
19-10-106-03,20.0,"Anhui Jagrow Auto Parts Co., Ltd."
19-10-106-06,5.0,"Anhui Jagrow Auto Parts Co., Ltd."
19-10-106-01,10.0,"Anhui Jagrow Auto Parts Co., Ltd."
19-10-106-02,30.0,"Anhui Jagrow Auto Parts Co., Ltd."
19-10-106-02-FAB,30.0,"Anhui Jagrow Auto Parts Co., Ltd."
19-10-106-04,5.0,"Anhui Jagrow Auto Parts Co., Ltd."
19-10-800-07,2.65,Send Cut Send
19-10-803,180.0,"Supreem Carbon Co., Limited"
19-10-801-01,138.0,"Shanghai Langjue Mould Co.,LTD"
19-10-100-LIDHWP,100.0,
19-10-100-SIL,100.0,
19-10-202-05-FAB,200.0,"Anhui Jagrow Auto Parts Co., Ltd."
19-10-202-PCS,329.0,"Anhui Jagrow Auto Parts Co., Ltd."
19-10-201-02-FAB,0.0,"Anhui Jagrow Auto Parts Co., Ltd."
19-10-201-03,0.0,"Anhui Jagrow Auto Parts Co., Ltd."
19-10-201-04,0.0,"Anhui Jagrow Auto Parts Co., Ltd."
31001-52020,1040.77,Nengun Performance
19-10-100-10,5.85,Hunt Tech Company Limited
19-10-301,51.0,"SEATO Intelligent Technology (Shanghai) Co., Ltd."
19-10-201-SS-PCS,269.0,"Anhui Jagrow Auto Parts Co., Ltd."
19-10-201-TI-PCS,679.0,"Anhui Jagrow Auto Parts Co., Ltd."
19-10-802,0.0,"SEATO Intelligent Technology (Shanghai) Co., Ltd."
1001-103,45.0,Shenzhen Rebow Neon Sign Company
96595A101,0.17,McMaster-Carr
96282A103,0.1718,McMaster-Carr
1173N129,19.4,McMaster-Carr
1173N151,14.25,McMaster-Carr
50003-M40XL,24.27,Turn 14
412902D200/232002A405,384.85,HighPerformance KR
1ZHY1I-615408-01,680.0,"Zage Turbosystem, Inc."
02-01-103-09-PDR,56.280857,
00-01-102-01,7.49,Custom Performance Engineering (CP-E)
27-12-100-01-BOX-FAB,30.44,
27-12-100-04,3.0,Qingdao Zehan Machinery Manufacturing Co. Ltd.
18-14-100-06-A,6.08,Qingdao Zehan Machinery Manufacturing Co. Ltd.
18-14-100-06-B,6.29,Qingdao Zehan Machinery Manufacturing Co. Ltd.
18-14-100-06-C,6.71,Qingdao Zehan Machinery Manufacturing Co. Ltd.
18-14-100-06-D,9.02,Qingdao Zehan Machinery Manufacturing Co. Ltd.
18-01-100-03,76.5,"Shanghai Langjue Mould Co.,LTD"
18-14-700-01,2.4,Qingdao Zehan Machinery Manufacturing Co. Ltd.
18-14-300-01,32.75,Qingdao Zehan Machinery Manufacturing Co. Ltd.
18-14-200-03,200.0,"Shenzhen Future Parts Technology Co.,Ltd"
18-14-300-ASB,120.62,SXTH Element Engineering
18-14-200-01,966.67,"Shenzhen Future Parts Technology Co.,Ltd"
18-14-202-01,60.51,"Nanjing Precision Engineering Co.,ltd"
18-14-200-02,400.0,"Shenzhen Future Parts Technology Co.,Ltd"
18-14-100-06-E,8.7498,Ponoko
18-14-100-04,3.98,"Hangzhou Paishun Rubber And Plastic Co., Ltd"
18-14-105-01,130.0,"Xinxiang Zhen Hua Radiator Co., Ltd."
18-14-110-15,4.6,"Jinsumei Environmental Protection Plastic Products Co., Ltd"
18-14-201-03,6.7,Qingdao Zehan Machinery Manufacturing Co. Ltd.
18-14-202-01-FAB,117.336,
CK-CF-KNOB,95.832,Motorial KR
08-03-700-01,10.0,Oshcut
14-03-115-01,3.75,Qingdao Zehan Machinery Manufacturing Co. Ltd.
08-03-100-SIL,100.0,
08-03-105-01,21.08,Oshcut
52910S0200,250.0,HighPerformance KR
08-03-105-SIL,100.0,
08-03-105-02,7.3,"Hangzhou Paishun Rubber And Plastic Co., Ltd"
14-03-115-03,3.75,Qingdao Zehan Machinery Manufacturing Co. Ltd.
14-03-115-02,9.82,"Hangzhou Paishun Rubber And Plastic Co., Ltd"
14-03-115-05,12.96,"Hangzhou Paishun Rubber And Plastic Co., Ltd"
14-03-115-06,2.0,Qingdao Zehan Machinery Manufacturing Co. Ltd.
MOL-20138,28.6,FCP Euro
01-01-100-07,1.0,G3 Machining
14-03-106-05,8.28,Qingdao Zehan Machinery Manufacturing Co. Ltd.
CBM3688C-2303,0.0,NKLAB
27-12-200-01,97.72,Custom Performance Engineering (CP-E)
28246-2G430,0.93,Albert Hwang
02-01-550-03,2.92,"SEATO Intelligent Technology (Shanghai) Co., Ltd."
95440-2DCD1,312.0,Albert Hwang
R2556G-9,27.66,Nengun Performance
96720IB170LM5,63.0,Motorial KR
56120I3000TRY,15.0,Motorial KR
IB437AP010/IB437AP020,68.632,Motorial KR
P202304110094107,338.94,HighPerformance KR
I3467AP000,123.032,Motorial KR
I3858AP010/I3858AP020,78.24,Motorial KR
K9858AP010/K9858AP020,103.04,Motorial KR
98550A117,13.34,McMaster-Carr
00-00-821-OBDUSB,0.0,NKLAB
28751-2V000,5.98,Albert Hwang
00-00-400-02,11.11,Qingdao Zehan Machinery Manufacturing Co. Ltd.
00-00-700-04,1.85,K Display
00-00-400-01,11.12,Qingdao Zehan Machinery Manufacturing Co. Ltd.
9452K123,0.1504,McMaster-Carr
27-12-200-12-P-FAB,24.5,
27-12-201-12-P-FAB,39.3,
16-08-200-01,29.34,Qingdao Zehan Machinery Manufacturing Co. Ltd.
16-08-200-02,17.97,"Ningbo Pino Metal Products Co., Ltd"
92210A110,0.0559,McMaster-Carr
09-01-708-01-PDR,2.1646,
09-01-704-01,4.0494,Oshcut
09-01-708-02-PDR,1.0544,
VINYL-02-01,2.0,
VINYL-02-08,2.0,
VINYL-02-06,2.0,
LM22074,6.99,FCP Euro
09-01-707-04,0.6,"SHIJIAZHUANG BEIKE SEALING TECHNOLOGY CO., LTD"
00-00-931,3.0,
90087A894,16.77,McMaster-Carr
16-08-201-03,2.34,K Display
39210-2B270,71.97,Albert Hwang
01-00-301-01,1.11,"Saylors Machine & Design Works, LLC"
DSI-00-00-406,55.0,Shift Solutions
DSI-00-00-406-03,55.0,Shift Solutions
DSI-00-00-406-05,55.0,Shift Solutions
DSI-00-00-406-07,55.0,Shift Solutions
DSI-00-00-406-09,55.0,Shift Solutions
DSI-00-00-406-11,55.0,Shift Solutions
DSI-00-00-406-13,55.0,Shift Solutions
DSI-00-00-406-15,55.0,Shift Solutions
DSI-00-00-406-17,55.0,Shift Solutions
DSI-00-00-406-19,55.0,Shift Solutions
DSI-00-00-406-21,55.0,Shift Solutions
DSI-00-00-406-25,55.0,Shift Solutions
DSI-00-00-406-27,55.0,Shift Solutions
DSI-00-00-406-29,55.0,Shift Solutions
91477A161,3.84,McMaster-Carr
TM-C-EM001,88.71,"HangZhou TaiMei Performance Co.,Ltd"
TM-C-EM002,39.5,"HangZhou TaiMei Performance Co.,Ltd"
371016-BL,15.9,Fragola Performance Systems
371021-BL,16.88,Fragola Performance Systems
371027-BL,25.41,Fragola Performance Systems
92949A263,0.1016,McMaster-Carr
92949A267,0.126,McMaster-Carr
27-12-200-07,7.18,Custom Performance Engineering (CP-E)
92855A628,0.724,McMaster-Carr
27-12-200-05,11.61,Custom Performance Engineering (CP-E)
91831A411,0.0883,McMaster-Carr
27-12-200-12,18.1,Custom Performance Engineering (CP-E)
5388K22,13.2,McMaster-Carr
5388K18,11.55,McMaster-Carr
1166,7.36,Turn 14
27-12-200-06,10.22,Custom Performance Engineering (CP-E)
27-12-200-06-BLK-FAB,37.22,
17-08-700-01-R3,10.7,K Display
28231-3L100,560.0,Columbus
28231-3L100-HYB,560.0,Columbus
28231-3L100-HYB-CC,560.0,Columbus
28231-3L110,560.0,Columbus
28231-3L110-HYB,560.0,Columbus
28231-3L110-HYB-CC,560.0,Columbus
STORM-LS-OSN,175.0,Storm Bigfoot Springs
STORM-LS-DN8-DCT,175.0,Storm Bigfoot Springs
STORM-LS-NE,175.0,Storm Bigfoot Springs
ATP-OIL-006,6.0,ATP Turbo
00-00-212,21.0,"Shenzhen Huajierui Trading Co., Ltd."
00-00-100-WH,10.45,
VINYL-05,1.0,
VINYL-06-01,1.0,
VINYL-06-02,1.0,
VINYL-06-04,1.0,
VINYL-06-03,1.0,
SXTH-JET-01,0.5,
00-00-702-BLU,16.0,Shift Solutions
00-00-702-RD,16.0,Shift Solutions
00-00-702-WH,16.0,Shift Solutions
SXTH-HAT-02-GRA,0.0,"Shenzhen Awells Gift Co, LTD."
SXTH-HAT-02-LG,11.0,
VINYL-03-04,1.0,
00-00-921,2.07,AN Fittings Direct
00-00-916,2.07,AN Fittings Direct
00-00-920,2.07,AN Fittings Direct
00-00-932,0.85,"Tianjin TheOne Metal Products Co.,Ltd"
15-03-701-01,15.56,"SEATO Intelligent Technology (Shanghai) Co., Ltd."
15-03-701-02,4.9,"SEATO Intelligent Technology (Shanghai) Co., Ltd."
282822B700,6.25,Motorial KR
14-01-301-02,89.0,Custom Performance Engineering (CP-E)
14-01-301-01,17.0,Custom Performance Engineering (CP-E)
15-03-620-DCT,209.3,Velossa Tech
15-03-620-MT,209.3,Velossa Tech
DSI-14-03-120-DCT,209.3,Velossa Tech
DSI-14-03-120-MT,209.3,Velossa Tech
DSI-VT-BM-1160-BLK,202.3,
DSI-VT-BM-1160-DKP,202.3,
DSI-VT-BM-1160-GRB,202.3,
DSI-VT-BM-1160-GRA,202.3,
DSI-VT-BM-1160-GRE,202.3,
DSI-VT-BM-1160-ORG,202.3,
DSI-VT-BM-1160-PFB,202.3,
DSI-VT-BM-1160-RED,202.3,
DSI-VT-BM-1160-WHT,202.3,
DSI-VT-BM-1160-YLW,202.3,
VT-BM-1140-BLK,291.75,Velossa Tech
VT-BM-1140-DKP,291.75,Velossa Tech
VT-BM-1140-GRB,291.75,Velossa Tech
VT-BM-1140-GRA,291.75,Velossa Tech
VT-BM-1140-GRE,291.75,Velossa Tech
VT-BM-1140-ORG,291.75,Velossa Tech
VT-BM-1140-PFB,291.75,Velossa Tech
VT-BM-1140-RED,291.75,Velossa Tech
VT-BM-1140-WHT,291.75,Velossa Tech
VT-BM-1140-YLW,291.75,Velossa Tech
14-03-400-01,650.0,
14-03-400-02,650.0,
14-03-400-03,650.0,
14-03-400-04,650.0,
14-03-203-01-FAB,10.0,
14-03-203-03-FAB,20.0,
14-03-100-04,77.5,"HangFung technology co., LTD"
14-03-704-01,2.85,K Display
14-03-201-FAB,282.85,Custom Performance Engineering (CP-E)
14-03-106-FAB,38.66,
14-03-106-PDR,38.30037,
14-03-111-02,4.6,"Jinsumei Environmental Protection Plastic Products Co., Ltd"
14-03-104-01-A,6.35,Qingdao Zehan Machinery Manufacturing Co. Ltd.
14-03-104-01-B,6.75,Qingdao Zehan Machinery Manufacturing Co. Ltd.
14-03-104-01-C,5.75,Qingdao Zehan Machinery Manufacturing Co. Ltd.
14-03-104-01-D,5.75,Qingdao Zehan Machinery Manufacturing Co. Ltd.
14-03-104-LIDHWP,100.0,
14-03-104-SIL,100.0,
14-03-111-SIL,100.0,
14-03-500-05,4.44,K Display
14-03-500-04,5.96,K Display
14-03-108,150.0,"Xinxiang Zhen Hua Radiator Co., Ltd."
14-03-200-04-FAB,18.9,
14-03-203-08-FAB,20.0,
14-03-105-SIL,100.0,
14-03-105-DCT-SIL,100.0,
14-03-105-MT-SIL,100.0,
14-03-100-06,10.54,"Hangzhou Paishun Rubber And Plastic Co., Ltd"
14-03-105-04,2.85,Send Cut Send
14-03-109-DCT-SIL,100.0,
14-03-109-MT-SIL,100.0,
14-03-103-SIL,100.0,
92101J3100/92102J3100,1077.0,Motorial KR
28247-2GTB1,3.0,Albert Hwang
14-03-110-01-BLK,23.976,Haizol
14-03-706-01,121.0,"Anhui Jagrow Auto Parts Co., Ltd."
14-03-111-01,18.65,"Jinsumei Environmental Protection Plastic Products Co., Ltd"
17512-12000,0.87,Albert Hwang
17512-10000,1.14,Albert Hwang
28247-2B700,2.76,Albert Hwang
28241-2B700,3.47,Albert Hwang
14-03-100-03,7.25,K Display
14-03-200-04-B,2.38,K Display
14-03-200-04-C,2.38,K Display
14-03-200-04-E,2.38,K Display
14-03-200-04-A,2.38,K Display
14-03-200-04-D,2.38,K Display
14-03-100-01-F,10.89,Ponoko
14-03-101-02-R1,21.8,K Display
14-03-106-04,11.18,Qingdao Zehan Machinery Manufacturing Co. Ltd.
02-01-701-01-PDR,3.27,
14-01-200-02,7.1,Qingdao Zehan Machinery Manufacturing Co. Ltd.
14-01-701-01,5.24,K Display
14-01-701-01-PDR,7.24,K Display
14-03-701-01-PDR,3.8,
14-03-701-01,3.8,K Display
14-01-700-01,5.24,K Display
28-12-100-02,36.5,"HangFung technology co., LTD"
27-12-100-01-G,8.48,Ponoko
27-12-500-R1,80.0,Carolina Sway Bar
27-12-500-R1-FAB,84.98,
27-12-500-01,0.89,K Display
27-12-102-03,14.89,"Hangzhou Paishun Rubber And Plastic Co., Ltd"
27-12-203-06,3.08,Southern Custom Manufacturing
28-12-100-03,7.75,"Hangzhou Paishun Rubber And Plastic Co., Ltd"
90025K154,12.88,McMaster-Carr
90126A034,8.46000000015,McMaster-Carr
91202A242,7.12,McMaster-Carr
98023A031,0.2302,McMaster-Carr
91257A728,12.23,McMaster-Carr
98023A033,0.4876,McMaster-Carr
S-4215,,
S-4124,,
S-4121,,
S-4536,,
00-00-945,,
S-4414,,
S-4843,,
S-4749,,
S-19831,,
S-4574,,
S-4580,,
SNK-OCT-91,,
A00040,,
S-21076C,,
S-21076IO,,
00-00-950,,
S-5917,,
00-00-933,,
POL-FIL-FM-10,,
S-1706-HEX,,
TOOLING,,
SFTPDL-ASB-BL,,
SFTPDL-PDL-BL,,
EP14PE_X,,
5054K531,,
09-01-111,0.0,
15-03-102-CLR,0.0,
273012B110,0.0,
19-10-300-HWP,0.0,
58101-IBA00,0.0,
58101-K9A10,0.0,
VINYL-01-WHT,1.5,
05-01-105-03,10.0,Oshcut
00-00-217,89.0,Three Way Group (TWG)
A12A10-1201,551.25,Adro
A12A10-1501,0.0,Adro
A10A20-1202,551.25,Adro
A10A20-1203,551.25,Adro
K9561AP010,391.0,Motorial KR
STORM-BFCTR-IQ5EV6-SPR,175.0,Storm Bigfoot Springs
STORM-BFCTR-UMTM-DMP,550.0,Storm Bigfoot Springs
P20230247192448,94.18,HighPerformance KR
P202109273153055,181.35,HighPerformance KR
00-00-820,489.0,NKLAB
DSI-CN7N-CFWING,840.0,Motorial KR
STORM-LS-CN7N-SS,175.0,Storm Bigfoot Springs
15-01-200-BLU,150.0,Mertop Race Co. Ltd
00-00-110,85.0,"Xinxiang Zhen Hua Radiator Co., Ltd."
9600K217,0.86,McMaster-Carr
50003-M45XL,14.43,Nengun Performance
EN-F/T,520.0,Adro
J5846AP000,143.04,Motorial KR
J5467AP000,43.032,Motorial KR
1000-101,57.0,Shenzhen Rebow Neon Sign Company
NEOTECH-NF4P-EX,0.0,NKLAB
NEOTECH-NF6P,0.0,NKLAB
IB597AP000,119.04,
IB858AP010/IB858AP020,79.04,Motorial KR
DSI-NPERF-CAP,147.0,Motorial KR
14-03-702-HWP,170.0,Albert Hwang
DSI-00-00-406-23,55.0,Shift Solutions
STORM-LS-CN7N-MT,175.0,Storm Bigfoot Springs
VMSO2B-LIP,2.0156,Verocious Motorsports
14-03-101-02-R1-PDR,26.867692,
14-03-103-CLR,0.0,
15-03-201,0.0,
273012B120,0.0,
19-10-800-05-CLR,0.0,
14-03-903-BSA,0.0,
00-00-217-C3,95.0,Three Way Group (TWG)
A10A20-1402,708.75,Adro
09-01-707-ASB-BLK-CLR,39.48,SXTH Element Engineering
96025A167,8.07,McMaster-Carr
00-00-820-BG,25.0,NKLAB
15-01-700-ACC,13.2,"SEATO Intelligent Technology (Shanghai) Co., Ltd."
15-01-105-01,194.0,"Xinxiang Zhen Hua Radiator Co., Ltd."
EN-T/S,887.25,Adro
84633AA100RED,0.0,Motorial KR
14-03-903-01-LFT,138.01,
14-03-903-01-RGT,138.01,
18-14-110-06-PL,18.0,"Jinsumei Environmental Protection Plastic Products Co., Ltd"
18-14-110-01,12.46,"Jinsumei Environmental Protection Plastic Products Co., Ltd"
18-14-110-07,8.55,"Jinsumei Environmental Protection Plastic Products Co., Ltd"
282822GTF1,68.666667,Motorial KR
1000-102,45.0,Shenzhen Rebow Neon Sign Company
IB561AP010,459.0,Motorial KR
00-00-702-BLK,16.0,Shift Solutions
19-10-800-03-WHT-CLR,8.5,
14-03-104-05,5.37,Oshcut
S-15245,,
01-01-103-22,4.28,K Display
19-10-800-03-RD-CLR,8.5,
15-03-101-PLA,0.0,
D3529-AP040,0.0,
282862B700,1.0,Motorial KR
STKR-01-HOL,0.99,Sticker Mule
52960I3000,32.1215,
00-00-212-CLR,21.0,"Shenzhen Huajierui Trading Co., Ltd."
273002GGA0,118.83,
00-00-822,330.0,NKLAB
2630035505,5.52,
50003-M45IL,12.6951,Nengun Performance
STORM-LS-JSN-DCT,175.0,Storm Bigfoot Springs
STORM-LS-CN7N,175.0,Storm Bigfoot Springs
14-03-802,2.5,"Yueqing Juqi Trade Co., Ltd."
00-00-940,,
00-00-941,,
09-01-110,0.0,
14-03-109-DCT,0.0,
01-01-110-03-PDR,3.5,Qingdao Zehan Machinery Manufacturing Co. Ltd.
00-00-700-ASB-CLR,42.9,SXTH Element Engineering
15-01-100-07-C,7.12,Qingdao Zehan Machinery Manufacturing Co. Ltd.
18-14-100-08,1.68,Qingdao Zehan Machinery Manufacturing Co. Ltd.
18-14-100-05,3.77,Qingdao Zehan Machinery Manufacturing Co. Ltd.
91458A111,2.88,McMaster-Carr
L1529-AP110,25.558,Motorial KR
19-10-105,0.0,
14-03-109-MT,0.0,
09-01-707-03-R1,3.56,Qingdao Zehan Machinery Manufacturing Co. Ltd.
11-01-700-01,7.49,K Display
15-01-100-08,83.75,"Shanghai Langjue Mould Co.,LTD"
15-03-202,299.5,"Anhui Jagrow Auto Parts Co., Ltd."
1167,9.66,Turn 14
1171,19.84,Turn 14
14-01-701-ACC,0.0,
09-01-707-02-BLK,7.91,Qingdao Zehan Machinery Manufacturing Co. Ltd.
15-01-100-07-D,7.12,Qingdao Zehan Machinery Manufacturing Co. Ltd.
15-01-100-07-E,4.882,Ponoko
MIA-FST-031,1.0,ATP Turbo
R-2556G-9-4,0.0,
16-08-903-AL,0.0,
13518631642,349.0,Memo Parts
15-01-100-09,1.68,Qingdao Zehan Machinery Manufacturing Co. Ltd.
09-01-202-POL,150.0,Mertop Race Co. Ltd
VMSO2B-NCH,1.44,Verocious Motorsports
16-08-903-02-ASB,0.0,Senpai Squad (Homen)
16-08-903-03-ASB,0.0,Senpai Squad (Homen)
18-14-300,0.0,
00-01-111,0.0,
14-03-903-BPL-AL,0.0,
14-03-903-BPL-FCF,0.0,
14-03-110-BLK,0.0,
01-01-200-07,13.0,Qingdao Zehan Machinery Manufacturing Co. Ltd.
15-01-100-07-A,5.87,Qingdao Zehan Machinery Manufacturing Co. Ltd.
05-01-200-07-R1,6.74,Qingdao Zehan Machinery Manufacturing Co. Ltd.
05-01-200-05-R1,6.74,Qingdao Zehan Machinery Manufacturing Co. Ltd.
18-14-105-04,1.65,Qingdao Zehan Machinery Manufacturing Co. Ltd.
S-4243,,
15-03-100-PLA,0.0,
15-03-600,0.0,
14-03-903-BPL-WCF,0.0,
09-01-110-05,9.0,Dixie Rubber
00-00-211,24.2,"Ningbo Ego Co., Ltd."
19-10-400-01,70.66,"SEATO Intelligent Technology (Shanghai) Co., Ltd."
18-14-105-05,1.65,Qingdao Zehan Machinery Manufacturing Co. Ltd.
08-03-105-03,8.42,"Hangzhou Paishun Rubber And Plastic Co., Ltd"
VINYL-03-WHT,1.0,Senpai Squad (Homen)
14-03-203-05-R1,5.47,Qingdao Zehan Machinery Manufacturing Co. Ltd.
14-03-203-06-R1,5.08,Qingdao Zehan Machinery Manufacturing Co. Ltd.
S-4941,,
18-14-102,0.0,
9452K144,0.4,
14-03-110-UNC,0.0,
15-01-100-07-B,5.87,Qingdao Zehan Machinery Manufacturing Co. Ltd.
09-01-202-BLU,150.0,Mertop Race Co. Ltd
01-01-103-17,20.25,SXTH Element Engineering
00-00-823,0.0,
19-10-203,0.0,
14-03-701-ACC,13.5,"SEATO Intelligent Technology (Shanghai) Co., Ltd."
14-03-706,121.0,"Anhui Jagrow Auto Parts Co., Ltd."
18-01-700-ACC,0.0,
VINYL-01-RD,1.5,
18-14-100-09,1.98,3D Hubs
1ZHY1I-615308-01,680.0,"Zage Turbosystem, Inc."
1986K149,10.42999999998,McMaster-Carr
00-00-210,22.7,"Ningbo Ego Co., Ltd."
50003-M45IL-6,0.0,
15-03-102-BLK,0.0,
09-01-707-RD,44.676,Qingdao Zehan Machinery Manufacturing Co. Ltd.
14-03-107-01,5.42,"Hangzhou Paishun Rubber And Plastic Co., Ltd"
09-01-110-04-B,5.71,Qingdao Zehan Machinery Manufacturing Co. Ltd.
09-01-110-04-C,5.71,Qingdao Zehan Machinery Manufacturing Co. Ltd.
VINYL-03-BLU,1.0,Senpai Squad (Homen)
02-01-103-17-r1,1.65,K Display
08-03-700-01-PDR,10.01,Oshcut
14-03-104-01-E,8.78,Ponoko
15-03-700-ACC,15.5,"SEATO Intelligent Technology (Shanghai) Co., Ltd."
5463K583,7.63,McMaster-Carr
09-01-200-01,14.62,Laserflex
14-03-107-03,4.98,"Hangzhou Paishun Rubber And Plastic Co., Ltd"
00-00-221,14.5,"Ningbo Ego Co., Ltd."
09-01-110-04-D,6.48,Qingdao Zehan Machinery Manufacturing Co. Ltd.
VINYL-03-BLK,1.0,Senpai Squad (Homen)
14-03-106-06,6.98,Hunt Tech Company Limited
00-01-110,0.0,
15-03-104-01,30.0,Green Filter USA
14-03-104-01-F,78.9,"Shanghai Langjue Mould Co.,LTD"
15-03-101-02-PDR,14.87,Send Cut Send
91059A510,0.64,McMaster-Carr
14-03-707,121.75,"Anhui Jagrow Auto Parts Co., Ltd."
00-00-222,11.7,"Ningbo Ego Co., Ltd."
14-03-106-01,16.93,Custom Performance Engineering (CP-E)
08-03-100,0.0,
00-00-224,12.9,"Ningbo Ego Co., Ltd."
09-01-701-ACC,22.5,"SEATO Intelligent Technology (Shanghai) Co., Ltd."
19-10-200,155.5,"Anhui Jagrow Auto Parts Co., Ltd."
S-19195,,
14-03-903-02-FCF,3.3,
14-03-903-03-FCF,3.3,
8507K36,110.0,Summit Racing
VINYL-01-BLK,1.5,
08-03-100-02,4.6,"Jinsumei Environmental Protection Plastic Products Co., Ltd"
08-03-100-01,18.65,"Shenzhen Future Parts Technology Co.,Ltd"
91292A135,9.64,McMaster-Carr
00-00-208,21.2,"Ningbo Ego Co., Ltd."
14-03-200-02,12.25,Qingdao Zehan Machinery Manufacturing Co. Ltd.
15-03-105,0.0,
14-03-703-RD,42.13,Qingdao Zehan Machinery Manufacturing Co. Ltd.
SXTH-HD-02-LG,26.0,
VINYL-06-WH,1.0,Senpai Squad (Homen)
S-4419,,
00-01-404,0.0,
00-00-207,19.7,"Ningbo Ego Co., Ltd."
09-01-110-04-A,6.1,Qingdao Zehan Machinery Manufacturing Co. Ltd.
SXTH-HD-02-XL,26.0,
14-03-203-02,31.62,"Shanghai Titanium Power Trading Co., LTD."
VMSHNGRUB-050,2.35,Verocious Motorsports
00-00-801-20TH,0.0,
08-03-100-03,21.8,"Hangzhou Paishun Rubber And Plastic Co., Ltd"
00-00-220,13.3,"Ningbo Ego Co., Ltd."
9307K164,0.924,McMaster-Carr
09-01-704-01-PDR,2.1646,
SXTH-HD-02-MD,26.0,
19-10-800-04,0.0,
00-00-223,25.0,"Ningbo Ego Co., Ltd."
14-03-106-07,11.15,Hunt Tech Company Limited
S-4913,,
14-03-500-08,1.46,Oshcut
H20106BK-250R,2.55,Hydraulic Supply Company
PIE-728197160,40.95,Memo Parts
VINYL-03-RD,1.0,Senpai Squad (Homen)
14-03-500-07,5.3,"SEATO Intelligent Technology (Shanghai) Co., Ltd."
14-03-500-03,39.62,Custom Performance Engineering (CP-E)
14-03-500-02,17.85,Oshcut
14-03-500-01,18.43,K Display
00-00-206,0.0,
05-01-105-02,2.74,Qingdao Zehan Machinery Manufacturing Co. Ltd.
15-03-100-05-R2,3.0,"Jinsumei Environmental Protection Plastic Products Co., Ltd"
14-03-108-05,8.24,"Hangzhou Paishun Rubber And Plastic Co., Ltd"
14-03-105-1-6-FAB,192.0,Custom Performance Engineering (CP-E)
14-03-108-06,3.92,"SEATO Intelligent Technology (Shanghai) Co., Ltd."
19-10-105-04,5.66,Hunt Tech Company Limited
19-10-105-05,7.62,Hunt Tech Company Limited
00-00-205,14.0,Three Way Group (TWG)
S-4811,,
4N1-TC-901,5.0,
14-03-903-02-WCF,3.3,
00-00-209,23.5,"Ningbo Ego Co., Ltd."
14-03-101-01-R2,10.43,K Display
14-03-100-05,5.31,"Hangzhou Paishun Rubber And Plastic Co., Ltd"
STKR-01-CL,0.92,Sticker Mule
19-10-105-01,157.5,"Anhui Jagrow Auto Parts Co., Ltd."
19-10-203-03,3.11,Send Cut Send
14-03-903-03-WCF,3.3,
14-03-107-02-PDR,7.5,"Anhui Jagrow Auto Parts Co., Ltd."
08-03-100-04-PL,8.66,"Shenzhen Future Parts Technology Co.,Ltd"
SXTH-HAT-02-BLK,5.21,"Shenzhen Awells Gift Co, LTD."
00-00-202,41.0,Three Way Group (TWG)
15-03-100-04-PL-R1,8.5,Hunt Tech Company Limited
14-03-203-04,17.82,"Shanghai Titanium Power Trading Co., LTD."
19-10-400,0.0,
19-10-100-04,14.0,"Shanghai Langjue Mould Co.,LTD"
19-10-203-02,0.93,Send Cut Send
19-10-203-01,0.93,Send Cut Send
14-03-203-03,18.08,"Shanghai Titanium Power Trading Co., LTD."
SXTH-HD-02-SM,26.0,
95327A708,16.69,McMaster-Carr
09-01-110-03-PDR,3.154382,
19-10-100-02,2.25,Hunt Tech Company Limited
14-03-705-L,44.0,"Baoji Minghai Titanium Industry Co.,Ltd."
14-03-705-R,44.5,"Baoji Minghai Titanium Industry Co.,Ltd."
14-03-704-01-PDR,5.24,Send Cut Send
00-00-803,0.0,
19-10-100-06,4.85,"Shanghai Langjue Mould Co.,LTD"
19-10-100-01,21.63,"Shanghai Langjue Mould Co.,LTD"
00-00-801-16GA,0.0,
00-01-300-08,2.46,Poly Bushings
00-01-110-02,1.433,"Yueqing Juqi Trade Co., Ltd."
15-03-100-01,17.9,"Jinsumei Environmental Protection Plastic Products Co., Ltd"
00-00-4472-WH,29.14,Green Filter USA
19-10-100-06-C,44.446,"Hobby Carbon CNC, Ltd."
91100A160,13.66,McMaster-Carr
90025K363,15.19,McMaster-Carr
00-00-810,3.64,"Yueqing Juqi Trade Co., Ltd."
09-01-104-07,1.63,Qingdao Zehan Machinery Manufacturing Co. Ltd.
19-10-800-02,4.73,"Shanghai Langjue Mould Co.,LTD"
00-00-214,31.5,"Shanghai Titanium Power Trading Co., LTD."
15-03-100-06,19.06,"Shanghai Langjue Mould Co.,LTD"
19-10-801,138.0,"Shanghai Langjue Mould Co.,LTD"
9600K317,1.0,
FM-06-10,7.9,RaceFlux
14-03-203-01,27.6,"Shanghai Titanium Power Trading Co., LTD."
14-03-104-07,15.85,Hunt Tech Company Limited
09-01-110-06,22.32,"Hangzhou Paishun Rubber And Plastic Co., Ltd"
91502A197,15.11,McMaster-Carr
14-03-703-BLK,42.13,Qingdao Zehan Machinery Manufacturing Co. Ltd.
00-00-917,6.3,"Hangzhou Paishun Rubber And Plastic Co., Ltd"
96595A102,15.04,McMaster-Carr
S-4418,,
09-01-110-01,19.12,"Hangzhou Paishun Rubber And Plastic Co., Ltd"
SXTH-TEE-09-XL,9.0,Dongguan Metro Clothing Co.
SXTH-TEE-09-2L,9.0,Dongguan Metro Clothing Co.
S-12772,,
15-01-700-01-PDR,3.4,Qingdao Zehan Machinery Manufacturing Co. Ltd.
05-01-200-05,2.68,Qingdao Zehan Machinery Manufacturing Co. Ltd.
DAC-93036,31.0,Summit Racing
05-01-200-07,2.68,Qingdao Zehan Machinery Manufacturing Co. Ltd.
S-4303,,
14-03-108-07,6.32,Hunt Tech Company Limited
S-1580,,
5416K15,17.41,McMaster-Carr
19-10-100-03,4.25,Hunt Tech Company Limited
00-00-821,489.0,NKLAB
27-12-200-10,20.38,Haizol
00-00-923,2.44,Qingdao Zehan Machinery Manufacturing Co. Ltd.
5416K19,17.97,McMaster-Carr
14-03-203-05,2.31,Qingdao Zehan Machinery Manufacturing Co. Ltd.
19-10-204,0.0,
05-01-200-01,24.86,Qingdao Zehan Machinery Manufacturing Co. Ltd.
14-03-903-02-AL,10.25,"Baoji Minghai Titanium Industry Co.,Ltd."
14-03-903-03-AL,10.25,"Baoji Minghai Titanium Industry Co.,Ltd."
00-00-700-ASB,26.45,Qingdao Zehan Machinery Manufacturing Co. Ltd.
14-03-203-07,1.68,Qingdao Zehan Machinery Manufacturing Co. Ltd.
5463K276,20.79,McMaster-Carr
14-03-110-02,6.25,"Hangzhou Paishun Rubber And Plastic Co., Ltd"
14-03-903-02-MCF,11.5,"Shanghai Langjue Mould Co.,LTD"
14-03-903-03-MCF,11.5,"Shanghai Langjue Mould Co.,LTD"
S-430,,
15-03-101-01,2.96,
51135K182,116.0,McMaster-Carr
16-08-903-02,20.84,"SEATO Intelligent Technology (Shanghai) Co., Ltd."
16-08-903-03,20.84,"SEATO Intelligent Technology (Shanghai) Co., Ltd."
16-08-903-04,13.4,"SEATO Intelligent Technology (Shanghai) Co., Ltd."
16-08-903-05,13.4,"SEATO Intelligent Technology (Shanghai) Co., Ltd."
HX-M-X17,1.22,Shenzhen BDQ Electronic Technology
14-03-203-06,2.94,Qingdao Zehan Machinery Manufacturing Co. Ltd.
19-10-204-02,8.81,Send Cut Send
19-10-204-01,4.97,Send Cut Send
SXTH-TEE-09-LG,9.0,Dongguan Metro Clothing Co.
19-10-100-07,0.87,"SEATO Intelligent Technology (Shanghai) Co., Ltd."
09-01-110-08,7.37,"Hangzhou Paishun Rubber And Plastic Co., Ltd"
95735A625,16.67,McMaster-Carr
SXTH-TEE-09-MD,9.0,Dongguan Metro Clothing Co.
SXTH-TEE-09-SM,9.0,Dongguan Metro Clothing Co.
14-03-105-04-PDR,2.85,Send Cut Send
5463K71,11.06,McMaster-Carr
15-01-100-04,3.0,Qingdao Zehan Machinery Manufacturing Co. Ltd.
1061T39,12.19,McMaster-Carr
09-01-707-BLK,44.676,Qingdao Zehan Machinery Manufacturing Co. Ltd.
00-00-930-F2,1.22,Ponoko
09-01-707-06-BLK,5.2,Qingdao Zehan Machinery Manufacturing Co. Ltd.
15-03-700-01-PDR,0.0,Send Cut Send
97763A818,7.67,McMaster-Carr
00-00-929,,
VINYL-07-01,1.5,
VINYL-07-02,1.5,
14-03-108-04,9.48,"Hangzhou Paishun Rubber And Plastic Co., Ltd"
00-00-830,22.0,Esquire Technology Sdn. Bhd.
15-03-103-04,7.11,"Hangzhou Paishun Rubber And Plastic Co., Ltd"
15-03-103-05,9.32,"Hangzhou Paishun Rubber And Plastic Co., Ltd"
19-10-201-08,10.97,"Anhui Jagrow Auto Parts Co., Ltd."
2000-101,1.28,"Xinpeng Import and Export Trading Co., LTD"
5463K173,11.33,McMaster-Carr
98093A213,0.148,McMaster-Carr
95606A430,15.33,McMaster-Carr
93475A280,0.2166,McMaster-Carr
92125A239,0.3552,McMaster-Carr
9600K34,0.185,McMaster-Carr
05-01-101-05,6.27,"Hangzhou Paishun Rubber And Plastic Co., Ltd"
14-03-110-01,23.976,Haizol
5416K41,13.76,McMaster-Carr
2418T129,11.9399999999,McMaster-Carr
1120A212,53.0,McMaster-Carr
19-10-200-PCS,155.5,"Anhui Jagrow Auto Parts Co., Ltd."
19-10-100-08,0.93,"SEATO Intelligent Technology (Shanghai) Co., Ltd."
VINYL-08-01,1.0,Senpai Squad (Homen)
91180A724,16.06,McMaster-Carr
09-01-110-02,64.5,"Shanghai Langjue Mould Co.,LTD"
05-01-101-04,8.56,"Hangzhou Paishun Rubber And Plastic Co., Ltd"
11730,19.84,Turn 14
09-01-707-01-R1-BLK,18.9,Qingdao Zehan Machinery Manufacturing Co. Ltd.
STKR-01-WH,0.86,Sticker Mule
5463K596,10.24,McMaster-Carr
VINYL-06-BLK,1.0,Senpai Squad (Homen)
14-03-100-03-PDR,2.53433,
19-10-300,6.37,"SEATO Intelligent Technology (Shanghai) Co., Ltd."
93475A270,12.52,McMaster-Carr
00-00-928,,
18-14-100-01,5.56,Hunt Tech Company Limited
DAC-80065,241.99,Summit Racing
90417A143,8.59,McMaster-Carr
KJ-2350,0.33,Suifenhe Masuma Auto Spare Parts
92949A559,0.2082,McMaster-Carr
S-11258,,
16-08-903-01,13.67,"SEATO Intelligent Technology (Shanghai) Co., Ltd."
00-00-601,1.729,Qingdao Zehan Machinery Manufacturing Co. Ltd.
S-4533,,
90854A232,17.25,McMaster-Carr
92855A401,6.4,McMaster-Carr
00-00-218,41.2,"SEATO Intelligent Technology (Shanghai) Co., Ltd."
19-10-800-07-PCK,0.0,
92125A236,0.2428,McMaster-Carr
95735A225,0.2002,McMaster-Carr
00-00-930-F1,1.22,Ponoko
2418T128,13.1200000002,McMaster-Carr
15-03-105-01,11.25,Hunt Tech Company Limited
00-00-102-WH,11.8,
15-01-100-06-R2,7.87,Qingdao Zehan Machinery Manufacturing Co. Ltd.
09-01-110-07,1.82,Qingdao Zehan Machinery Manufacturing Co. Ltd.
00-01-102,4.88,"Anhui Jagrow Auto Parts Co., Ltd."
9396K13,5.89,McMaster-Carr
00-00-900,0.84,"Tianjin TheOne Metal Products Co.,Ltd"
15-01-100-05-R2,5.9,Qingdao Zehan Machinery Manufacturing Co. Ltd.
1061T136,13.33,McMaster-Carr
94645A230,11.01,McMaster-Carr
VMSHNG101-12,5.97,Verocious Motorsports
15-03-100-02,5.61,Hunt Tech Company Limited
9753K12,0.0549,McMaster-Carr
19-10-800-06,2.0,3D Hubs
9452K73,6.45,McMaster-Carr
9452K27,5.98,McMaster-Carr
SXTH-ICST,,
98424A350,6.23,McMaster-Carr
93474A227,13.79,McMaster-Carr
SXTH-JET-02,0.0,
90128A187,8.41,McMaster-Carr
92196A106,0.0574,McMaster-Carr
5416K16,17.69,McMaster-Carr
9753K31,4.51,McMaster-Carr
VMSHNG102-38,1.77,Haizol
91287A151,13.31,McMaster-Carr
SNK-TC-01,,
93655A441,0.55,"SEATO Intelligent Technology (Shanghai) Co., Ltd."
00-00-602,1.73,"VMT Racing Industry, AN Fittings Direct"
9435K141,1.77,McMaster-Carr
00-00-603,1.58,"VMT Racing Industry, AN Fittings Direct"
00-00-904,0.94,"Tianjin TheOne Metal Products Co.,Ltd"
07-03-100-01,1.5,Qingdao Zehan Machinery Manufacturing Co. Ltd.
00-00-903,0.89,"Tianjin TheOne Metal Products Co.,Ltd"
5058K332,3.77,McMaster-Carr
18-14-110-02,1.91,Hunt Tech Company Limited
POL-FIL-FM-40,,
S-8210,,
VINYL-06-BLU,1.0,Senpai Squad (Homen)
91290A113,9.22,McMaster-Carr
15-03-100-03-R1,23.5,Hunt Tech Company Limited
19-10-800-02-ACR,1.06,Send Cut Send
S-4207,,
00-00-604,1.96,VMT Racing Industry
14-01-301,51.25,"SEATO Intelligent Technology (Shanghai) Co., Ltd."
VINYL-06-RD,1.0,Senpai Squad (Homen)
93475A290,11.22,McMaster-Carr
01-01-404,0.5,Qingdao Zehan Machinery Manufacturing Co. Ltd.
92125A238,0.2904,McMaster-Carr
91292A134,9.84,McMaster-Carr
92196A113,0.0733,McMaster-Carr
00-00-901,0.85,"Tianjin TheOne Metal Products Co.,Ltd"
VINYL-06-OR,1.0,Senpai Squad (Homen)
S-4233,,
00-00-934,,
ANF009582,1.3,"Dongguan Jiaxing Precision Machinery Co., Ltd."
92125A237,0.2964,McMaster-Carr
00-00-935,,
92855A622,13.31,McMaster-Carr
S-4101,,
00-00-902,0.92,"Tianjin TheOne Metal Products Co.,Ltd"
93475A250,0.0641,McMaster-Carr
07-03-100-01-R2,1.5,Hunt Tech Company Limited
91292A117,8.72,McMaster-Carr
91287A207,8.94,McMaster-Carr
STKR-D-856-1,,
5416K42,14.19,McMaster-Carr
92949A264,10.36,McMaster-Carr
9217K34,1.38,"SEATO Intelligent Technology (Shanghai) Co., Ltd."
S-3515,,
92141A011,2.4,McMaster-Carr
5416K26,14.19,McMaster-Carr
92095A226,12.64,McMaster-Carr
94645A101,0.1405,McMaster-Carr
5416K23,25.0,McMaster-Carr
91292A137,5.88,McMaster-Carr
5463K214,10.73,McMaster-Carr
91292A118,9.81,McMaster-Carr
70215K63,11.5,McMaster-Carr
KJ-826,0.05,
00-00-913,0.84,"Tianjin TheOne Metal Products Co.,Ltd"
90386A102,8.92,McMaster-Carr
90386A101,8.92,McMaster-Carr
5388K16,10.52,McMaster-Carr
91116A150,15.28,McMaster-Carr
97400A101,0.1412,"SEATO Intelligent Technology (Shanghai) Co., Ltd."
200-8683,1.46,"SEATO Intelligent Technology (Shanghai) Co., Ltd."
9232K14,1.18,"SEATO Intelligent Technology (Shanghai) Co., Ltd."
177400603,,
92146A550,0.0242,McMaster-Carr
POL-BBL-MLR-02,,
S-1706,,
S-3927P,,
30252,,
POL-BBL-MLR-01,,
SEE-HSS-01,,
SEE-IC-02,,
92855A408,8.05,McMaster-Carr
5388k14,0.0731,"Tianjin TheOne Metal Products Co.,Ltd"
KJ-419,0.03,
92095A238,7.37,McMaster-Carr
95221A204,13.0,McMaster-Carr
S-3575,,
93475A230,3.57,McMaster-Carr
SXTH-KRTP-02,,
S-423,,
